{"cameraMode":{"drawMode":0,"name":"Shaded","section":"Shading Mode"},"sceneLighting":true,"audioPlay":false,"sceneViewState":{"m_AlwaysRefresh":false,"showFog":true,"showSkybox":true,"showFlares":true,"showImageEffects":true,"showParticleSystems":true,"showVisualEffectGraphs":true,"m_FxEnabled":true},"in2DMode":false,"pivot":{"x":38.907962799072269,"y":1.7390739917755128,"z":-16.823341369628908},"rotation":{"x":-0.4818270206451416,"y":0.2666255235671997,"z":-0.15669399499893189,"w":-0.8198865652084351},"size":30.975358963012697,"orthographic":false}